"CEI","Nom","Prénom","Poste","District","Validité","Obsolescence"
"Goulaine","ARMENGAUD","JASON","agent d'exploitation","District 44",NA,NA
"Goulaine","AURAY","EMMANUEL","chef.fe d'équipe","District 44","30/11/2033","Durable"
"Goulaine","AUTRET","FLORENT","agent d'exploitation","District 44",NA,NA
"Goulaine","BARREAU","DOMINIQUE","agent d'exploitation","District 44",NA,NA
"Goulaine","BARRILLIE","STEPHANE","agent d'exploitation","District 44",NA,NA
"Goulaine","BASSET","NICOLAS","responsable d'explo","District 44",NA,NA
"Goulaine","BAUDRY","STEPHANE","agent d'exploitation","District 44",NA,NA
"Goulaine","BESSEAU","CEDRIC","chef(fe) d'equipe","District 44",NA,NA
"Goulaine","BIOTTEAU","FRANCOIS","agent d'exploitation","District 44",NA,NA
"Goulaine","BORDE","SEBASTIEN","responsable de cei","District 44",NA,NA
"Goulaine","BOURGINE","GUILLAUME","agent d'exploitation","District 44",NA,NA
"Goulaine","BOURSIER","WILFRIED","agent d'exploitation","District 44",NA,NA
"Goulaine","BOZAT","KEMAL","agent d'exploitation","District 44",NA,NA
"Goulaine","CAILLEAU","FREDERIC","agent d'exploitation","District 44",NA,NA
"Goulaine","CHAUVIN","FRANCK","responsable d'exploi","District 44",NA,NA
"Goulaine","D'ANGELO-JEANDEL","CELIA","adjoint.e au chef","District 44",NA,NA
"Goulaine","ESNAULT","SEBASTIEN","agent d'exploitation","District 44",NA,NA
"Goulaine","FORGET","FRANCOIS","agent d'exploitation","District 44",NA,NA
"Goulaine","HUTEAU","FREDDY","responsable d'explo","District 44",NA,NA
"Goulaine","MOUILLE","YANNICK","agent d'exploitation","District 44",NA,NA
"Goulaine","PACAUD","GUILLAUME","chef equipe a","District 44",NA,NA
"Goulaine","PETIT","REGIS","agent d'exploitation","District 44",NA,NA
"Goulaine","POGU","BAPTISTE","agent d'exploitation","District 44",NA,NA
"Goulaine","RENOULT","JEREMY","agent d'exploitation","District 44",NA,NA
"Goulaine","SIMONNEAU","REGIS","agent d'exploitation","District 44",NA,NA
"Goulaine","TAUGAIN","GUILLAUME","agent d'exploitation","District 44",NA,NA
"Goulaine","VINCENT","FRANCK","agent d'exploitation","District 44",NA,NA
"Heric","BATARD","JORDANE","agent d'exploitation","District 44",NA,NA
"Heric","BECHADE","DAVID","chef equipe a","District 44",NA,NA
"Heric","COTTIN","JEAN-BAPTISTE","agent d'exploitation","District 44","30/11/2033","Durable"
"Heric","ELFGANG","TONY","agent d'exploitation","District 44","30/11/2033","Durable"
"Heric","GARAUD","FREDERIK","agent d'exploitation","District 44","30/11/2033","Durable"
"Heric","GUEMENE","OLIVIER","agent d'exploitation","District 44",NA,NA
"Heric","GUERLAIS","CHRISTOPHE",NA,"District 44","30/11/2033","Durable"
"Heric","GUINEL","JEAN-MARC","agent d'exploitation","District 44","30/11/2033","Durable"
"Heric","HIAS","OLIVIER","agent d'exploitation","District 44","30/11/2033","Durable"
"Heric","LE GAL","MATTHIEU","responsable de cei","District 44",NA,NA
"Heric","LELIEVRE","OLIVIER","responsable d'explo","District 44",NA,NA
"Heric","LEPAGE","ERIC","agent d'exploitation","District 44",NA,NA
"Heric","LEROY","PHILIPPE","agent d'exploitation","District 44","30/11/2033","Durable"
"Heric","LUCO","TONY","chef(fe) d'equipe","District 44","27/03/2033","Durable"
"Heric","OUARY","JEROME","agent d'exploitation","District 44","12/01/2033","Durable"
"Heric","PENLOUP","PHILIPPE","chef equipe c","District 44",NA,NA
"Heric","POUILLOUX","FABRICE","agent d'exploitation","District 44",NA,NA
"Heric","RINCE","SEBASTIEN","agent d'exploitation","District 44",NA,NA
"Heric","TALABAS","MARC","chef equipe b","District 44",NA,NA
"La Seguiniere","ABELLARD","DIDIER","responsable de cei","District 44",NA,NA
"La Seguiniere","AUDEBAULT","MARTIAL","chef.fe d'équipe","District 44",NA,NA
"La Seguiniere","BAUDRY","PIERRICK","agent d'exploitation","District 44",NA,NA
"La Seguiniere","BERTHELOT","JEROME","agent d'exploitation","District 44",NA,NA
"La Seguiniere","BOURIGAULT","FREDERIC","agent d'exploitation","District 44","06/11/2029","Durable"
"La Seguiniere","BROCHARD","YOHANN","agent d'exploitation","District 44",NA,NA
"La Seguiniere","DELVOLTE","CHRISTOPHE","agent d'exploitation","District 44","06/11/2029","Durable"
"La Seguiniere","FOUQUERAY","DAMIEN","agent d'exploitation","District 44","06/11/2029","Durable"
"La Seguiniere","HERVOUET","SAMUEL","agent d'exploitation","District 44",NA,NA
"La Seguiniere","LAVAUD","HERVE","responsable d'explo","District 44",NA,NA
"La Seguiniere","LEROUX","STEPHANE","agent d'exploitation","District 44","19/04/2028","Durable"
"La Seguiniere","PARIS","CHRISTOPHE","chef equipe a","District 44","06/11/2029","Durable"
"La Seguiniere","POGU","DAMIEN","agent d'exploitation","District 44","06/11/2029","Durable"
"La Seguiniere","VENDE","MATHIEU","agent d'exploitation","District 44",NA,NA
"La Seguiniere","VINCENT","OLIVIER","responsable d'explo","District 44",NA,NA
"Nantes","BERNARD","JOEL","chef equipe c","District 44","19/04/2028","Durable"
"Nantes","BRIAND","CYRILLE","chef equipe b","District 44",NA,NA
"Nantes","CHAPLAIS","PIERRE","agent d'exploitation","District 44",NA,NA
"Nantes","DEBARRE","SEBASTIEN","agent d'exploitation","District 44",NA,NA
"Nantes","DERIAN","ANTHONY","responsable d'explo","District 44","07/12/2032","Durable"
"Nantes","DUBOIS","OLIVIER","responsable d'explo","District 44",NA,NA
"Nantes","GUIHO","JEAN-MARC","agent d'exploitation","District 44","19/04/2028","Durable"
"Nantes","GUILLOSSOU","GREGORY","responsable d'explo","District 44",NA,NA
"Nantes","GUYON","VINCENT","agent d'exploitation","District 44",NA,NA
"Nantes","HECHT","FRANCK","agent d'exploitation","District 44",NA,NA
"Nantes","HERVO","BENOIST-CHARLES","chef equipe d","District 44",NA,NA
"Nantes","LEFORT","DAVID","agent d'exploitation","District 44","05/04/2034","Durable"
"Nantes","LERAY","GARY","agent d'exploitation","District 44",NA,NA
"Nantes","LERAY","GREGORY","agent d'exploitation","District 44",NA,NA
"Nantes","MALESTROIT","FLORIAN","agent d'exploitation","District 44",NA,NA
"Nantes","MAUGAS","DENIS","agent d'exploitation","District 44",NA,NA
"Nantes","MONNIER","ERIC","agent d'exploitation","District 44",NA,NA
"Nantes","MOREAU","DAVID","agent d'exploitation","District 44",NA,NA
"Nantes","PETIT","THIERRY","agent d'exploitation","District 44",NA,NA
"Nantes","ROBERT","OLIVIER","chef equipe a","District 44",NA,NA
"Nantes","ROUILLE","JEAN-MICHEL","responsable de cei","District 44",NA,NA
"Nantes","ROUX","DAVID","agent d'exploitation","District 44",NA,NA
"Nantes","SAINTE ROSE","AUGUSTE","agent d'exploitation","District 44",NA,NA
"Nantes","SOILIHI","ASSAD","agent d'exploitation","District 44","19/03/2034","Durable"
"Nantes","SUZANNE","ALEXANDRE","agent d'exploitation","District 44",NA,NA
"Savenay","BALY","CHRISTOPHE","adjoint.e chef cei","District 44",NA,NA
"Savenay","BERTOLDI","EMMANUEL","responsable d'explo","District 44","08/04/2032","Durable"
"Savenay","BEZIER","SIMON","agent d'exploitation","District 44","08/04/2032","Durable"
"Savenay","BOULAY","CHRISTOPHE","agent d'exploitation","District 44",NA,NA
"Savenay","BRASSART","GREGORY","agent d'exploitation","District 44",NA,NA
"Savenay","BRASSART","GREGORY-JR",NA,"District 44","05/04/2034","Durable"
"Savenay","CHARLIER","ROMAIN","agent d'exploitation","District 44","10/01/2033","Durable"
"Savenay","CHARLIER","ROMAIN","agent d'exploitation","District 44","08/04/2032","Durable"
"Savenay","DUVAL","JEAN","agent d'exploitation","District 44","10/02/2036","Durable"
"Savenay","ETIENNE","RAPHAEL","agent d'exploitation","District 44","08/04/2032","Durable"
"Savenay","FORTUNE","GREGORY","chef equipe c","District 44","19/03/2034","Durable"
"Savenay","GAGNE","FABRICE","agent d'exploitation","District 44","05/04/2034","Durable"
"Savenay","GUILLERM","PHILIPPE","chef equipe d","District 44","19/03/2034","Durable"
"Savenay","LECOMTE","SEBASTIEN","agent d'exploitation","District 44","10/02/2036","Durable"
"Savenay","LEGENTILHOMME","YANN","agent d'exploitation","District 44","05/04/2034","Durable"
"Savenay","LEROUX","DENIS","agent d'exploitation","District 44","08/04/2032","Durable"
"Savenay","LESCOP","DAVID","agent d'exploitation","District 44","19/03/2034","Durable"
"Savenay","LIBEAU","PHILIPPE","responsable d'explo","District 44","05/04/2034","Durable"
"Savenay","MOCHER","FABIEN","agent d'exploitation","District 44","10/02/2036","Durable"
"Savenay","MORIN","ERIC","agent d'exploitation","District 44",NA,NA
"Savenay","MORIN","ERIC1",NA,"District 44","19/03/2034","Durable"
"Savenay","MOYON","JESSY","agent d'exploitation","District 44","08/04/2032","Durable"
"Savenay","PEROCHEAU","QUENTIN","agent d'exploitation","District 44","05/04/2034","Durable"
"Savenay","PIGAL","PIERRICK","agent d'exploitation","District 44","19/03/2034","Durable"
"Savenay","PILOQUET","LOIC","agent d'exploitation","District 44","10/02/2036","Durable"
"Savenay","PINARD","SEBASTIEN","chef equipe b","District 44","05/04/2034","Durable"
"Savenay","SALLIOT","YANNICK","agent d'exploitation","District 44","05/04/2034","Durable"
"Savenay","SIMON","PASCAL","responsable de cei","District 44",NA,NA
"Savenay","THOMAS","FRANCK","chef equipe a","District 44","19/03/2034","Durable"
"Savenay","TREHIN","ARNAUD","agent d'exploitation","District 44","19/03/2034","Durable"
