"CEI","Nom","Prénom","Poste","District","Compétence","Validité","Obsolescence"
"Goulaine","ARMENGAUD","JASON","agent d'exploitation","District 44",NA,NA,NA
"Goulaine","AUTRET","FLORENT","agent d'exploitation","District 44",NA,NA,NA
"Goulaine","BARREAU","DOMINIQUE","agent d'exploitation","District 44","Tondeuses autoportées _ ACES","03/03/2033","Durable"
"Goulaine","BARRILLIE","STEPHANE","agent d'exploitation","District 44","Tondeuses autoportées _ ACES","03/03/2032","Durable"
"Goulaine","BASSET","NICOLAS","chef equipe a","District 44","Tondeuses autoportées _ ACES","03/03/2033","Durable"
"Goulaine","BAUDRY","STEPHANE","agent d'exploitation","District 44","Tondeuses autoportées _ ACES","14/12/2028","Durable"
"Goulaine","BESSEAU","CEDRIC","chef(fe) d'equipe","District 44",NA,NA,NA
"Goulaine","BIOTTEAU","FRANCOIS","agent d'exploitation","District 44","Tondeuses autoportées _ ACES","29/11/2028","Durable"
"Goulaine","BONNET","DIDIER",NA,"District 44","Tondeuses autoportées _ ACES","29/11/2028","Durable"
"Goulaine","BORDE","SEBASTIEN","responsable de cei","District 44",NA,NA,NA
"Goulaine","BOURGINE","GUILLAUME","agent d'exploitation","District 44",NA,NA,NA
"Goulaine","BOURSIER","WILFRIED","agent d'exploitation","District 44",NA,NA,NA
"Goulaine","BOZAT","KEMAL","agent d'exploitation","District 44",NA,NA,NA
"Goulaine","CAILLEAU","FREDERIC","agent d'exploitation","District 44","Tondeuses autoportées _ ACES","03/03/2033","Durable"
"Goulaine","CHAUVIN","FRANCK","responsable d'exploi","District 44",NA,NA,NA
"Goulaine","D'ANGELO-JEANDEL","CELIA","adjoint.e au chef","District 44",NA,NA,NA
"Goulaine","FORGET","FRANCOIS","agent d'exploitation","District 44","Tondeuses autoportées _ ACES","14/12/2028","Durable"
"Goulaine","HUTEAU","FREDDY","responsable d'explo","District 44",NA,NA,NA
"Goulaine","MOUILLE","YANNICK","agent d'exploitation","District 44","Tondeuses autoportées _ ACES","14/12/2028","Durable"
"Goulaine","PACAUD","GUILLAUME","chef equipe a","District 44",NA,NA,NA
"Goulaine","PETIT","REGIS","agent d'exploitation","District 44","Tondeuses autoportées _ ACES","14/12/2028","Durable"
"Goulaine","PIGEON","ALAIN","agent d'exploitation","District 44",NA,NA,NA
"Goulaine","POGU","BAPTISTE","agent d'exploitation","District 44",NA,NA,NA
"Goulaine","RENOULT","JEREMY","agent d'exploitation","District 44",NA,NA,NA
"Goulaine","SIMONNEAU","REGIS","agent d'exploitation","District 44","Tondeuses autoportées _ ACES","03/03/2033","Durable"
"Goulaine","TAUGAIN","GUILLAUME","agent d'exploitation","District 44",NA,NA,NA
"Goulaine","VINCENT","FRANCK","agent d'exploitation","District 44","Tondeuses autoportées _ ACES","03/03/2032","Durable"
"Heric","AURAY","EMMANUEL","agent d'exploitation","District 44","Tondeuses autoportées _ ACES","16/09/2032","Durable"
"Heric","BATARD","JORDANE","agent d'exploitation","District 44",NA,NA,NA
"Heric","BECHADE","DAVID","chef equipe a","District 44",NA,NA,NA
"Heric","COTTIN","JEAN-BAPTISTE","agent d'exploitation","District 44","Tondeuses autoportées _ ACES","16/09/2032","Durable"
"Heric","ELFGANG","TONY","agent d'exploitation","District 44",NA,NA,NA
"Heric","GARAUD","FREDERIK","agent d'exploitation","District 44","Tondeuses autoportées _ ACES","16/09/2032","Durable"
"Heric","GUEMENE","OLIVIER","agent d'exploitation","District 44",NA,NA,NA
"Heric","GUINEL","JEAN-MARC","agent d'exploitation","District 44","Tondeuses autoportées _ ACES","03/03/2032","Durable"
"Heric","HIAS","OLIVIER","agent d'exploitation","District 44",NA,NA,NA
"Heric","LE GAL","MATTHIEU","responsable de cei","District 44",NA,NA,NA
"Heric","LELIEVRE","OLIVIER","responsable d'explo","District 44",NA,NA,NA
"Heric","LEPAGE","ERIC","agent d'exploitation","District 44","Tondeuses autoportées _ ACES","16/09/2032","Durable"
"Heric","LEROY","PHILIPPE","agent d'exploitation","District 44","Tondeuses autoportées _ ACES","16/09/2032","Durable"
"Heric","LUCO","TONY","chef(fe) d'equipe","District 44",NA,NA,NA
"Heric","OUARY","JEROME","agent d'exploitation","District 44","Tondeuses autoportées _ ACES","16/09/2032","Durable"
"Heric","PENLOUP","PHILIPPE","chef equipe c","District 44",NA,NA,NA
"Heric","POUILLOUX","FABRICE","agent d'exploitation","District 44","Tondeuses autoportées _ ACES","16/09/2032","Durable"
"Heric","RINCE","SEBASTIEN","agent d'exploitation","District 44",NA,NA,NA
"Heric","TALABAS","MARC","chef equipe b","District 44",NA,NA,NA
"La Seguiniere","ABELLARD","DIDIER","responsable de cei","District 44",NA,NA,NA
"La Seguiniere","AUDEBAULT","MARTIAL","chef.fe d'équipe","District 44"," 100CV"">Tracteur >100CV _ ACES","19/03/2036","Durable"
"La Seguiniere","AUDEBAULT","MARTIAL","chef.fe d'équipe","District 44","Tondeuses autoportées _ ACES","19/03/2036","Durable"
"La Seguiniere","BAUDRY","PIERRICK","agent d'exploitation","District 44",NA,NA,NA
"La Seguiniere","BERTHELOT","JEROME","agent d'exploitation","District 44"," 100CV"">Tracteur >100CV _ ACES","19/04/2034","Durable"
"La Seguiniere","BOURIGAULT","FREDERIC","agent d'exploitation","District 44","Tondeuses autoportées _ ACES","22/11/2029","Durable"
"La Seguiniere","BROCHARD","YOHANN","agent d'exploitation","District 44",NA,NA,NA
"La Seguiniere","DELVOLTE","CHRISTOPHE","agent d'exploitation","District 44","Tondeuses autoportées _ ACES","22/11/2029","Durable"
"La Seguiniere","FOUQUERAY","DAMIEN","agent d'exploitation","District 44","Tondeuses autoportées _ ACES","22/11/2029","Durable"
"La Seguiniere","HERVOUET","SAMUEL","agent d'exploitation","District 44","Tondeuses autoportées _ ACES","22/11/2029","Durable"
"La Seguiniere","LAVAUD","HERVE","responsable d'explo","District 44"," 100CV"">Tracteur >100CV _ ACES","19/03/2036","Durable"
"La Seguiniere","LAVAUD","HERVE","responsable d'explo","District 44","Tondeuses autoportées _ ACES","19/03/2036","Durable"
"La Seguiniere","LEROUX","STEPHANE","agent d'exploitation","District 44","Tondeuses autoportées _ ACES","29/11/2028","Durable"
"La Seguiniere","PARIS","CHRISTOPHE","chef equipe a","District 44","Tondeuses autoportées _ ACES","22/11/2029","Durable"
"La Seguiniere","POGU","DAMIEN","agent d'exploitation","District 44","Tondeuses autoportées _ ACES","22/11/2029","Durable"
"La Seguiniere","VENDE","MATHIEU","agent d'exploitation","District 44"," 100CV"">Tracteur >100CV _ ACES","05/04/2034","Durable"
"La Seguiniere","VINCENT","OLIVIER","responsable d'explo","District 44"," 100CV"">Tracteur >100CV _ ACES","19/03/2036","Durable"
"La Seguiniere","VINCENT","OLIVIER","responsable d'explo","District 44","Tondeuses autoportées _ ACES","19/03/2036","Durable"
"Nantes","BERNARD","JOEL","chef equipe c","District 44",NA,NA,NA
"Nantes","BRIAND","CYRILLE","chef equipe b","District 44",NA,NA,NA
"Nantes","CHAPLAIS","PIERRE","agent d'exploitation","District 44",NA,NA,NA
"Nantes","DEBARRE","SEBASTIEN","agent d'exploitation","District 44",NA,NA,NA
"Nantes","DUBOIS","OLIVIER","responsable d'explo","District 44",NA,NA,NA
"Nantes","GUIHO","JEAN-MARC","agent d'exploitation","District 44",NA,NA,NA
"Nantes","GUILLOSSOU","GREGORY","responsable d'explo","District 44",NA,NA,NA
"Nantes","GUYON","VINCENT","agent d'exploitation","District 44",NA,NA,NA
"Nantes","HECHT","FRANCK","agent d'exploitation","District 44",NA,NA,NA
"Nantes","HERVO","BENOIST-CHARLES","chef equipe d","District 44",NA,NA,NA
"Nantes","LEFORT","DAVID","agent d'exploitation","District 44",NA,NA,NA
"Nantes","LERAY","GARY","agent d'exploitation","District 44",NA,NA,NA
"Nantes","LERAY","GREGORY","agent d'exploitation","District 44"," 100CV"">Tracteur >100CV _ ACES","19/04/2034","Durable"
"Nantes","MALESTROIT","FLORIAN","agent d'exploitation","District 44",NA,NA,NA
"Nantes","MAUGAS","DENIS","agent d'exploitation","District 44","Tondeuses autoportées _ ACES","10/03/2033","Durable"
"Nantes","MONNIER","ERIC","agent d'exploitation","District 44",NA,NA,NA
"Nantes","MOREAU","DAVID","agent d'exploitation","District 44",NA,NA,NA
"Nantes","PETIT","THIERRY","agent d'exploitation","District 44",NA,NA,NA
"Nantes","ROBERT","OLIVIER","chef equipe a","District 44",NA,NA,NA
"Nantes","ROUILLE","JEAN-MICHEL","responsable de cei","District 44",NA,NA,NA
"Nantes","ROUX","DAVID","agent d'exploitation","District 44",NA,NA,NA
"Nantes","SAINTE-ROSE","AUGUSTE",NA,"District 44","Tondeuses autoportées _ ACES","10/03/2033","Durable"
"Nantes","SAINTE ROSE","AUGUSTE","agent d'exploitation","District 44",NA,NA,NA
"Nantes","SOILIHI","ASSAD","agent d'exploitation","District 44","Tondeuses autoportées _ ACES","10/03/2033","Durable"
"Nantes","SUZANNE","ALEXANDRE","agent d'exploitation","District 44",NA,NA,NA
"Savenay","BALY","CHRISTOPHE","adjoint.e chef cei","District 44",NA,NA,NA
"Savenay","BERTOLDI","EMMANUEL","responsable d'explo","District 44","Tondeuses autoportées _ ACES","24/05/2032","Durable"
"Savenay","BEZIER","SIMON","agent d'exploitation","District 44","Tondeuses autoportées _ ACES","14/12/2028","Durable"
"Savenay","BOULAY","CHRISTOPHE","agent d'exploitation","District 44",NA,NA,NA
"Savenay","BRASSART","GREGORY","agent d'exploitation","District 44",NA,NA,NA
"Savenay","BRASSART","GREGORY-JR",NA,"District 44"," 100CV"">Tracteur >100CV _ ACES","19/04/2034","Durable"
"Savenay","CHARLIER","ROMAIN","agent d'exploitation","District 44",NA,NA,NA
"Savenay","DUVAL","JEAN","agent d'exploitation","District 44",NA,NA,NA
"Savenay","ETIENNE","RAPHAEL","agent d'exploitation","District 44",NA,NA,NA
"Savenay","FORTUNE","GREGORY","chef equipe c","District 44"," 100CV"">Tracteur >100CV _ ACES","19/04/2034","Durable"
"Savenay","GAGNE","FABRICE","agent d'exploitation","District 44","Tondeuses autoportées _ ACES","24/05/2032","Durable"
"Savenay","GUILLERM","PHILIPPE","chef equipe d","District 44",NA,NA,NA
"Savenay","LECOMTE","SEBASTIEN","agent d'exploitation","District 44"," 100CV"">Tracteur >100CV _ ACES","15/09/2032","Durable"
"Savenay","LEGENTILHOMME","YANN","agent d'exploitation","District 44"," 100CV"">Tracteur >100CV _ ACES","19/04/2034","Durable"
"Savenay","LEROUX","DENIS","agent d'exploitation","District 44","Tondeuses autoportées _ ACES","24/05/2032","Durable"
"Savenay","LESCOP","DAVID","agent d'exploitation","District 44","Tondeuses autoportées _ ACES","24/05/2032","Durable"
"Savenay","LIBEAU","PHILIPPE","responsable d'explo","District 44",NA,NA,NA
"Savenay","MOCHER","FABIEN","agent d'exploitation","District 44"," 100CV"">Tracteur >100CV _ ACES","19/04/2034","Durable"
"Savenay","MORIN","ERIC","agent d'exploitation","District 44",NA,NA,NA
"Savenay","MORIN","ERIC1",NA,"District 44","Tondeuses autoportées _ ACES","24/05/2032","Durable"
"Savenay","MOYON","JESSY","agent d'exploitation","District 44",NA,NA,NA
"Savenay","PEROCHEAU","QUENTIN","agent d'exploitation","District 44"," 100CV"">Tracteur >100CV _ ACES","19/04/2034","Durable"
"Savenay","PIGAL","PIERRICK","agent d'exploitation","District 44"," 100CV"">Tracteur >100CV _ ACES","19/04/2034","Durable"
"Savenay","PILOQUET","LOIC","agent d'exploitation","District 44","Tondeuses autoportées _ ACES","24/05/2032","Durable"
"Savenay","PINARD","SEBASTIEN","chef equipe b","District 44","Tondeuses autoportées _ ACES","24/05/2032","Durable"
"Savenay","SALLIOT","YANNICK","agent d'exploitation","District 44","Tondeuses autoportées _ ACES","24/05/2032","Durable"
"Savenay","SIMON","PASCAL","responsable de cei","District 44",NA,NA,NA
"Savenay","THOMAS","FRANCK","chef equipe a","District 44",NA,NA,NA
"Savenay","TREHIN","ARNAUD","agent d'exploitation","District 44",NA,NA,NA
